                       Headset Description                        ,,,,,,,,,,,,,,
==================================================================,,,,,,,,,,,,,,
Product Name: Oculus Rift CV1,,,,,,,,,,,,,,
Serial Number: WMHD30311019KC,,,,,,,,,,,,,,
Headset Refresh Rate: 89.997 frames per second,,,,,,,,,,,,,,
,,,,,,,,,,,,,,
                           Sensor Data                            ,,,,,,,,,,,,,,
==================================================================,,,,,,,,,,,,,,
Angular Acceleration,,,Linear Acceleration,,,Angular Velocity (Gyro),,,Linear Velocity,,,Yaw,Pitch,Roll
x,y,z,x,y,z,x,y,z,x,y,z,Y,P,R
-0.639552,-0.7432,6.44909,-0.156886,-0.278816,0.117734,0.273172,0.218909,0.130307,0.0347905,0.0402591,0.0272038,-0.764111,7.23725,0.244547
-0.116697,-0.365547,-3.1465,0.15629,0.154564,-0.370725,-0.0703401,-0.0647317,-0.00166864,0.00125126,-0.00668553,3.18E-05,-0.611202,6.38815,1.93453
-1.54171,-5.22168,0.85061,-0.105733,0.35037,-0.372479,0.129535,0.00483737,-0.0305044,-0.00170817,0.0127662,0.0209102,-0.710757,5.21711,0.728062
1.275,-1.33134,1.55585,-0.0024416,-0.108499,-0.298189,0.089652,-0.161508,-0.239418,-0.0120664,0.0230692,0.021496,-1.99787,6.50458,-1.43207
0.339326,1.9617,3.30173,0.200024,0.0724157,-0.0167201,0.00770881,-0.0340755,0.0229456,0.00367324,0.000205296,-0.00345576,-3.16337,6.3014,-2.73201
0.902093,7.98088,0.319356,-0.314003,0.454,-0.951493,0.200653,0.125645,-0.165096,0.0225834,-0.0145817,-0.0672195,-3.38848,8.65741,-2.54656
-75.2292,14.4838,-20.2438,-0.0938446,-3.92454,-5.19274,5.99118,0.149399,0.302638,-0.0296204,0.422381,0.469557,-0.169397,52.3154,-0.596008
-32.618,-38.2812,-19.6065,1.15782,-10.5863,5.61224,-10.9767,0.415038,-1.25545,-0.106898,-0.758022,-0.580844,8.63932,6.34837,-2.49615
151.489,21.6478,32.9655,-0.673543,7.86129,-6.87452,-0.351762,0.236838,0.100056,0.00603704,0.0791581,0.0546757,129.061,-81.9852,-133.602
-52.1728,-13.464,4.20691,0.16798,-7.69536,5.35363,9.69746,-0.376637,1.93812,-0.0271964,0.672131,0.378695,7.75016,20.6603,7.77147
-129.839,27.0157,-3.64544,-0.271957,-8.56607,-7.4949,-7.76993,0.132895,-1.43642,0.0053597,-0.190799,-0.576516,5.89633,45.1745,6.77136
55.7337,1.60411,13.5693,-0.621254,5.96775,0.300117,-8.31463,-0.207055,-0.694227,-0.0271823,-0.695208,0.352772,12.9688,-77.8904,-15.6784
40.5639,-6.87626,-28.8624,0.417965,2.84317,6.91721,11.9689,0.183066,1.19747,-0.0196961,1.04193,-0.163591,4.94543,-38.9319,-3.39889
-143.831,-2.76348,-8.43617,0.878909,-4.304,-9.24802,-0.11076,-0.599104,0.82194,0.0723393,0.0122648,-0.0163777,2.89633,56.9958,3.58328
86.5266,36.7976,35.245,-1.86142,8.44574,1.44835,-3.82441,0.981803,-0.146644,-0.113221,-0.259026,-0.0689838,0.788212,-16.7255,-8.2727
-6.05501,29.0985,-65.9278,0.848582,-1.96427,0.572074,2.85834,2.08634,7.46852,-0.52891,-0.23453,0.315109,19.5333,-2.21624,61.8842
-3.30529,-18.4367,-59.5246,3.08917,2.00345,-0.382949,0.0845554,-2.27304,-4.70943,0.13117,0.41753,-0.0938578,25.1435,-1.42606,78.9987
37.3949,-10.5652,27.6738,0.599037,-5.62834,0.506784,3.41215,-4.34069,-7.82146,0.408202,-0.321375,0.105011,-11.725,27.6647,-23.361
40.2788,34.5731,96.2185,3.50803,12.2493,-0.276499,-1.88679,1.44246,2.526,-0.0438309,0.322346,-0.171599,-13.3889,7.37822,-69.2421
-6.92967,2.17816,-93.0377,1.03999,-11.2625,1.76282,0.785167,5.03178,9.38797,-0.681485,-0.388659,0.230196,23.6101,19.1026,48.9928
27.2084,-43.7278,-95.4415,2.27434,6.44256,-1.16881,-0.929806,-2.37021,-5.86098,0.217052,0.430706,-0.179686,26.3003,-2.50686,79.2147
-30.701,-26.2075,101.903,-3.30461,-4.67251,2.24608,1.81631,-4.68916,-9.98311,0.410063,-0.938088,0.0841694,-10.2198,13.7954,-49.2461
38.305,7.38363,73.867,-1.41733,3.46814,0.276328,0.0418612,1.82596,6.42226,0.093442,0.774868,-0.114963,-4.85047,6.31934,-63.9135
-36.1812,-3.80268,-3.91192,3.53696,-11.5267,0.357959,1.10704,3.30766,9.16849,-0.65377,-0.458629,0.357956,26.0044,7.08129,53.4443
4.53122,-37.1861,-96.0268,3.00991,7.52331,-4.40396,0.180924,-2.66708,-5.58768,0.118696,0.585054,-0.116368,27.2737,-4.73616,89.4675
-73.7034,63.7185,146.09,-3.28326,4.76383,1.15213,-2.76297,-0.180056,-4.58382,-0.179197,-0.660282,-0.0737321,3.81013,7.37176,-17.2616
-26.0222,-99.098,0.305049,3.40652,1.92809,-5.04245,-0.693301,-0.827559,-0.465868,0.197577,0.0452017,-0.0374865,40.067,2.58516,-8.2077
-67.6341,67.472,-53.2118,-2.82919,-8.21562,-0.552146,-1.23266,-8.17446,3.08478,0.212006,-0.131244,0.360479,-51.6105,5.53921,5.91797
22.8843,57.1296,-49.1279,-4.89851,2.24948,0.906074,0.708577,8.21262,-3.43686,-0.288537,0.0784793,-0.117079,-45.1019,2.0475,19.0463
47.0415,-84.0107,62.6266,7.75136,2.01247,-3.85709,-0.67454,6.53714,-2.35247,-0.152743,-0.134728,0.121516,69.0096,8.43605,-19.9228
22.8399,-29.7157,22.0066,1.0139,3.49153,2.14152,0.805786,-9.78722,2.29168,0.330158,0.0952865,-0.130033,31.1182,-9.54632,-14.0787
-3.36666,105.14,-10.7354,2.63826,1.65227,-3.85061,-0.106307,-2.01335,1.75145,0.171715,-0.155242,-0.0712682,-62.5442,11.4038,21.246
23.2601,8.2178,27.385,-2.40919,0.904232,5.06969,1.11284,11.4323,-2.1933,-0.494776,0.0728685,0.140897,5.32145,-13.1916,-3.49243
8.66871,-77.0566,-32.1722,4.52762,-2.78787,-1.76277,-2.04344,-7.08767,-0.241262,0.0819905,-0.118219,-0.62057,44.2382,-4.93182,-12.1998
-26.3195,-9.27532,-13.8503,0.82372,-1.1242,-3.93224,3.14397,-0.00552257,-0.35142,0.121572,0.0616198,0.734607,1.39381,4.83793,2.0081
0.802363,51.8405,-5.2651,-1.59778,-1.53054,1.96069,-2.07335,1.39919,0.240969,-0.0436064,-0.0289676,-1.77394,-3.97317,6.75791,1.65676
3.01293,1.25976,5.20334,0.342194,-2.07408,12.8242,2.31281,0.0222583,0.300982,-0.0130871,0.404982,0.811078,4.03623,1.61199,-0.710152
-8.768,14.3434,-11.5932,-2.26153,6.09452,-16.742,-1.49269,-0.177379,-0.358404,-0.0516293,-0.536027,0.736984,3.27143,11.018,2.50442
-74.5032,-5.58611,0.154738,0.398745,-7.25,-3.96491,-0.736262,0.103307,0.559722,-0.0948652,0.150341,-1.77021,7.43183,9.78755,2.97633
0.82084,-7.11682,10.1474,2.40037,-1.88385,14.8862,2.65893,0.459802,-0.285666,0.0936656,0.453109,1.14335,6.56878,-0.96945,-1.83182
-18.1607,9.77472,0.612958,0.278081,2.21899,-19.6107,-1.22492,0.0500622,-0.00399049,-0.0736282,-0.248653,0.307714,5.44161,9.14091,-0.622204
-38.5543,-30.1387,-13.229,2.37589,-10.1446,3.12158,-1.06895,-1.07649,1.0125,0.0754865,-0.16645,-1.74366,6.49229,8.54195,2.46169
-16.5355,-13.6577,5.71797,1.63086,-4.67083,11.1517,2.73552,0.17511,-0.436526,0.122673,0.395189,1.60314,7.14432,2.06443,0.345612
-27.3201,43.4789,-15.2009,0.94742,-0.255234,-17.4081,-0.695391,0.219765,0.135295,-0.0390829,-0.0577191,-0.305915,5.75481,11.3524,-3.12458
-29.661,45.2239,-22.1546,0.152348,-7.00489,15.9012,-1.64673,-0.401942,0.669325,0.0744796,-0.349908,-1.42096,3.85908,4.56638,2.76072
-31.9622,-7.39587,-7.76589,-2.67212,-7.42351,2.47414,1.23383,-0.121512,-0.00502373,0.0872365,0.0318318,1.89458,4.93381,9.49399,2.81651
-29.381,-24.4712,11.3073,2.83082,-2.77436,-4.58047,-2.21122,-0.543143,-2.18871,0.493662,-0.189808,-0.884692,2.25542,7.29636,-8.32092
4.3034,14.4328,13.0322,-21.1289,2.47751,-0.778639,1.40361,0.149231,1.99707,-1.1668,0.48382,0.018901,-5.35386,-1.59887,-10.3411
17.9854,-37.8057,20.0629,27.4047,7.16742,-1.67666,-1.57055,3.72719,-1.63375,-0.238611,-0.296212,-0.103078,19.2087,2.43579,1.94103
-30.2873,-2.66095,31.1005,-8.29623,-5.2114,1.87889,0.759026,-2.64625,-0.355859,2.65838,-0.176516,0.472888,-0.197253,4.81237,-3.07481
-3.2491,34.9661,6.83669,-14.8413,-2.60856,0.372513,2.09264,3.78273,-0.35441,-1.74364,0.384441,-0.264305,-14.8359,-0.586442,-1.49592
33.8699,-55.4873,35.0861,26.4035,7.57391,-4.13082,-1.97913,2.86502,0.287237,-0.58212,-0.341782,-0.00881345,26.5654,-0.508838,0.528583
-74.3842,24.9874,0.660929,-16.085,-8.57504,-2.23628,-1.22687,-0.999969,-0.443386,1.37256,-0.652957,0.090705,3.099,-0.880645,6.84108
-12.7163,3.03506,61.5353,0.957057,9.98465,-3.20775,4.5461,0.47079,-2.19924,-0.31813,2.69117,0.548413,-3.79453,-3.82404,-5.23479
-12.4843,21.7838,-39.5004,0.163762,-30.2782,5.75575,-0.185441,2.52929,-0.910439,-0.174961,0.269904,0.0363066,2.48548,26.4799,-7.26296
-26.4506,-3.27523,41.2307,-1.80081,-0.135228,-0.41963,-2.15419,-2.51043,-0.0859278,0.179092,-2.93841,-0.0853594,2.23515,18.0783,-15.8209
113.204,18.269,-6.88401,0.283406,31.5302,-1.31968,4.85791,0.317267,-0.0742369,0.0287149,0.914697,0.117949,2.40597,-24.8252,-3.69798
-91.8435,95.1396,17.8169,-8.28435,-17.273,7.15821,-2.27027,1.67037,-0.237505,-0.084318,0.678139,0.322102,-3.74282,24.5761,-11.5326
-16.7154,19.5135,-8.6305,-5.77417,-2.51266,-1.38702,-0.569165,1.59158,-1.07226,-1.18354,0.256643,0.0946756,16.2671,22.6738,-3.87572
32.3141,-1.1264,20.2364,12.9723,-1.40292,-3.36563,0.110901,-0.480658,-0.0882061,0.222349,-0.449527,-0.109092,31.9884,9.27158,-9.69171
-56.8311,-25.4297,-2.43296,9.16346,-13.828,2.51348,-2.2718,-3.06724,-1.34197,2.64652,-2.41037,-0.622916,12.9458,6.08313,-15.2118
8.00368,57.7803,-14.3039,-4.89633,15.4846,-10.3369,-0.122436,2.36049,-1.6707,-0.0537494,0.0714331,0.424313,-19.9397,-41.9312,-20.5459
-7.70431,-4.81603,0.361861,0.374855,-0.833485,1.56172,1.17512,1.36541,0.458617,-0.4101,0.834647,-0.590264,-11.4105,-23.7761,-29.0293
2.02868,1.36034,-5.37799,3.65251,7.97312,2.92189,4.06831,0.328322,0.658217,0.485002,2.48134,0.0552298,-12.77,-4.224,-17.6765
26.9452,23.3465,-12.4643,-7.52506,-10.957,0.143165,-0.54644,2.1606,0.144904,-0.438309,0.402806,0.139187,-20.6635,16.8492,-22.6422
89.9624,-117.136,-45.4895,-9.34505,-5.20512,4.42974,-5.83855,4.91974,-1.5733,-3.48904,-2.89576,-0.768052,20.6466,5.44748,-4.66576
53.5122,-33.8314,-5.11202,8.35213,10.0107,-12.8657,-1.04622,-0.401159,0.615351,-0.593051,-0.140362,0.307134,72.136,-40.0886,-19.3923
2.32046,-0.128518,-12.1715,0.0192317,1.09566,3.57783,1.18661,-0.309825,-0.859523,0.133134,0.232854,-0.321273,63.9628,-33.483,-14.748
-8.342,-0.746121,-13.7522,1.15327,1.47979,-2.42648,1.85992,-1.01861,1.05355,0.355903,0.734242,-0.43073,52.44,-14.7859,-17.8787
-35.6933,38.8625,-13.781,-2.10147,-4.78859,2.54012,2.01515,-3.70633,2.24416,0.163478,0.567745,-0.157756,20.034,6.93904,1.19371
-1.65802,5.93203,10.0401,-1.11574,-0.14274,2.32693,0.52407,2.85586,-2.84304,0.337895,0.146157,0.114359,34.3259,11.0584,-3.21461
0.662767,9.55721,-42.7884,-1.24085,-0.834811,0.504467,0.0444591,5.46266,-0.94477,-0.467488,0.201484,0.367984,79.6077,18.3964,-2.9145
-12.4081,-47.6227,14.7884,3.23281,-2.99979,-3.95148,-0.122826,-5.27727,0.354173,0.285152,-0.0621402,-0.479998,86.9013,11.5515,-13.1453
-26.1845,47.1889,-2.22108,3.59771,1.21756,3.92708,-0.149685,-6.36518,1.65202,1.26086,-0.0391712,-0.268592,5.14473,-1.98505,1.73164
23.2243,6.50416,16.3643,-3.92719,3.6345,2.70443,-1.21181,-6.14975,-0.24943,1.31815,0.0254818,0.758552,-53.9958,-7.80414,7.09972
-9.25615,31.3804,2.02773,-4.54719,-1.91223,-3.01251,-0.581368,-2.44078,-0.304454,0.571692,0.179883,0.770133,-109.04,1.03186,9.543
0.946712,27.7142,-1.95783,-2.43606,-1.79798,-5.369,-0.412263,3.1876,-0.206273,-0.146347,-0.11942,-0.227181,-105.301,-3.51238,7.32333
-8.25631,12.3887,-15.8505,-8.8038,0.899029,3.76064,-0.190318,7.98171,-1.61762,-1.17925,-0.0364958,-1.00451,-38.9579,-5.25563,-9.24545
0.395078,-4.95866,9.4385,-0.744239,0.612898,5.04842,-1.30722,4.98773,0.230212,-1.63704,0.14324,0.156873,34.742,4.93155,-21.4777
11.8778,-39.999,14.651,5.47864,-0.64171,-2.7212,-0.516491,4.2288,-0.238528,-0.64901,0.0996808,0.707142,96.4999,6.04111,-14.6139
5.9057,-10.9563,2.57057,1.9124,-0.686777,-2.12339,0.12995,-1.17598,-0.354692,-0.0680576,-0.0966661,-0.235633,106.139,6.40497,-16.7467
25.344,-21.6351,3.09316,4.52932,1.78161,-3.02126,-1.35186,-5.17843,-1.22846,0.405149,-0.332318,-0.747276,78.114,-11.5534,-22.2043
56.6881,48.5062,-1.52779,-3.63457,12.068,12.4718,5.8697,-1.85265,1.37392,0.692671,1.38265,0.138053,18.0583,-12.6935,0.224911
-72.0943,5.90586,-19.2289,-0.882629,-4.26364,-9.24834,2.87026,-1.22667,0.55318,0.330797,1.23894,0.466591,21.5648,64.4101,9.09597
-67.6321,14.0886,-1.86771,-2.93183,-14.7143,-4.88766,-4.22952,-0.702421,-0.110281,0.119371,-0.476197,-0.495715,1.32094,52.6337,-7.53346
26.8282,8.9679,-11.9469,1.38702,-1.5519,4.14646,-7.99977,-0.628903,-0.576964,0.0605179,-2.53336,-0.0431489,6.64704,-36.7113,-9.81114
49.1364,-6.09993,1.79574,4.36554,4.86303,-27.5995,-0.260943,-0.348275,0.321773,0.105017,-1.20611,-0.092112,142.751,-83.2142,-143.711
-3.45855,25.2656,1.25977,-2.65422,9.5089,2.53075,5.51037,-0.079209,0.282746,-0.0183856,0.926694,-0.657394,-0.38105,-40.7184,3.46847
-37.4352,2.11369,0.313036,0.783985,-8.47799,4.646,6.88695,-0.263784,-0.0791699,-0.103265,2.20926,1.14204,3.57853,36.4982,1.90642
-42.2654,-3.6822,12.9079,0.0628933,-0.911405,-5.5499,1.43524,0.221074,-0.552923,0.0214608,1.13436,0.654474,4.2041,85.9193,-4.65116
-4.14614,-26.5636,-6.57449,1.85587,-17.0976,2.60312,-9.07948,-1.272,-0.209131,-0.0769364,-0.529135,-0.956864,3.48169,25.8225,-6.4053
0.902927,5.90356,-2.87558,0.0864189,-3.31156,3.88714,-3.55049,-0.496181,-0.0848648,-0.0557453,-2.02774,-0.214701,1.95289,-45.5692,-8.35889
46.5629,4.66012,3.92674,2.73487,7.27428,-4.11738,0.459186,-0.198009,0.357914,0.099931,-1.45055,0.0656526,-9.34389,-73.6606,4.09987
-50.1876,17.7284,-57.5864,1.84653,11.0654,1.6041,3.04192,-2.42948,0.906344,0.2731,0.717759,-0.206522,-14.9051,-21.9156,29.6644
2.51295,-23.0004,-1.44914,4.45043,-3.30021,4.00588,4.96468,1.37444,-3.12328,-0.141662,1.61344,0.447479,3.33949,17.9057,9.24818
-16.5404,-27.0839,-6.87819,0.822287,-11.7821,-3.00701,1.58243,-5.71861,-5.47583,0.776044,-0.212551,0.281206,-34.3038,31.2826,-63.9332
21.064,24.9326,73.9906,2.64498,4.54292,1.67204,-1.16473,-1.81961,0.49368,0.459069,-0.66107,-0.102421,-28.0269,-14.6319,-101.809
6.98836,25.5528,51.8336,-8.13388,3.74109,-2.0991,1.93766,1.70372,9.88928,0.0803037,0.402486,-0.0187214,-33.3386,-6.1171,-23.8311
21.4478,-18.7329,-46.7841,-1.64877,-5.1206,2.8646,1.46263,2.75822,6.61695,-1.46158,-0.248796,-0.221394,-7.257,-11.9701,79.1236
12.081,-18.4928,-60.19,0.800593,5.83397,2.04265,2.84533,-0.551749,-0.472026,-1.29719,-0.316227,0.155664,9.84766,-28.3307,116.078
-30.1662,29.4754,15.0349,7.76495,-4.25141,0.339185,1.66204,-1.813,-8.9081,-0.131516,0.403816,-0.0128803,35.9652,-10.0552,30.0955
-10.6868,-20.5585,19.358,-2.34084,-4.1009,2.93929,3.3461,-4.12375,-7.31852,1.1702,-0.375371,0.115468,-0.528282,-11.7838,-65.0059
13.4975,28.0566,38.724,2.28954,4.5209,1.35357,0.466403,0.136339,-1.08774,1.03683,-0.328491,0.153217,-16.7549,-31.5371,-115.138
-19.5683,-23.8508,6.21081,-8.85882,0.0890173,0.877631,1.603,1.82012,8.51996,0.553248,0.702004,0.142588,-41.9777,-14.0577,-42.2101
-4.60063,-2.97104,2.28488,-5.76609,-9.4531,0.628263,2.08039,4.23275,7.25803,-1.29258,0.120135,-0.200884,-11.3392,0.52163,44.9666
32.5463,-32.6118,-51.0497,2.38919,1.2114,2.6575,2.9995,1.31809,3.57895,-1.28907,-0.811039,0.178894,22.8636,-30.2742,107.165
-46.4072,14.7729,-12.1526,5.34352,-2.45262,-2.64608,1.12402,0.053072,-9.25914,-0.439324,-0.107853,-0.116695,62.5035,-32.7048,35.1658
13.8271,-39.344,31.3853,7.08547,-0.0977548,-5.19976,0.442126,-1.68371,-3.77164,0.703831,-0.123535,-0.272637,64.5695,-31.626,-50.6525
32.7274,26.3587,0.902766,-0.409535,8.29714,4.65678,2.27826,-2.78956,0.647954,1.15478,0.488896,-0.243722,-1.78098,-41.6443,-20.1901
-103.985,-42.0806,10.5971,4.3835,-6.64612,-6.70273,2.61361,-3.25892,2.98137,0.39264,0.484949,0.778204,-41.0064,37.602,-0.383601
-19.9699,54.0129,5.04631,-10.0794,-4.38214,-1.16436,-6.87904,5.79988,-1.99888,0.0293976,-0.686853,-0.621034,-40.7009,-1.88158,-2.12364
18.0687,-44.6242,-36.3037,7.1917,-1.33859,6.5449,0.811295,8.53649,2.06941,-0.948621,0.0726295,0.386287,70.0687,-6.46443,-30.6848
60.1758,-32.8894,29.3788,4.51414,9.39925,6.02101,3.12188,-11.1707,0.187038,0.875907,0.283472,-0.328008,40.8736,-21.5515,-28.753
-50.0704,10.9636,-17.0887,7.71815,-1.74461,0.364888,-0.524501,-4.24808,4.22519,-0.307618,0.0263585,-0.00951271,-62.1091,22.8613,28.7557
33.914,15.4775,-29.1061,-1.87611,2.40613,-0.122048,0.56493,6.53701,-6.08117,0.194573,0.259793,0.0935032,-57.3651,11.9269,26.1425
-149.347,-29.2907,13.7453,2.65688,-6.87046,-10.6747,5.63754,1.2658,-2.67997,-0.176697,0.250158,0.443182,-4.13003,60.8267,-7.84158
-23.0528,-16.0797,2.83749,1.56147,-10.9553,7.43696,-10.7447,-0.772252,-0.535197,-0.177015,-1.26124,-0.517834,1.84492,3.24069,-8.90656
156.385,-5.64004,30.8248,0.239419,2.97625,-9.17061,-1.38957,-0.359511,-0.425022,0.0777303,-0.10349,0.106217,155.914,-67.8601,-162.586
-62.5887,-10.3122,0.909126,1.56879,-10.8513,7.70757,10.7769,0.344212,1.68895,0.0443205,0.938407,0.164955,1.51817,0.432841,-1.57971
-17.9623,53.8861,-25.8494,-8.66686,-3.21083,8.92259,-4.70235,6.1211,-4.68,-0.758743,-0.372817,-0.26408,19.2318,8.32903,-1.76734
0.814904,-75.0944,-6.00602,3.58832,-0.0767596,-7.25153,0.198275,2.25954,-0.324351,-0.137401,0.0296346,0.151382,100.288,1.70515,-29.3178
-7.19075,-23.354,17.9238,-2.48637,0.231558,7.2688,2.37687,-11.0303,3.4856,0.725076,0.224901,-0.257213,27.3373,-13.1575,-8.37477
59.8988,60.5818,17.8183,-4.69434,2.53628,1.19045,3.42772,0.0213741,4.90003,-0.170582,0.270675,-0.124298,-41.9427,1.68922,38.7017
10.2605,1.28922,-88.8504,-1.9664,1.78763,-1.27777,2.48127,1.98772,4.05217,-0.210464,-0.392133,0.138007,-10.2578,-5.69091,115.329
-13.511,-7.29525,-20.2019,3.2788,-9.81384,-0.439328,0.266326,-2.85256,-11.584,0.486457,0.27008,0.144079,0.650475,3.73025,44.5545
9.17733,7.01199,44.933,-3.02049,7.23945,-3.33521,-1.10288,-3.67615,-7.74395,0.181172,-0.809473,0.204216,-30.6575,-12.2261,-88.5212
19.7325,-11.3735,67.6769,-3.97075,2.85897,1.46111,2.63335,2.70718,7.24436,0.435985,0.612148,0.162174,-23.4982,0.679009,-97.2891
-4.08754,-21.5355,-65.7066,-0.0840122,-3.95461,1.94144,-1.40738,2.3601,5.24807,-0.38606,-0.126914,-0.171649,-5.14095,9.72726,0.693872
-30.542,7.99817,19.4405,1.26826,0.220608,-7.27732,1.73529,-0.206111,-1.2364,-0.0795593,-0.0852251,0.351061,1.3883,15.8339,-0.596086
-17.0316,3.90776,0.623021,0.420377,-2.11079,0.475457,-1.78784,-0.527417,0.311098,-0.0537004,-0.064144,-0.689689,0.665234,11.0895,-1.89852
17.7032,-28.715,-13.5183,1.4212,-0.436116,4.86117,-0.680329,-1.55825,-2.09734,0.138834,-0.23047,-0.141851,-0.872643,-5.77666,-9.89656
11.1209,10.3464,48.2843,0.46407,2.46442,-0.267218,0.356073,0.721743,2.13442,-0.0231431,-0.0224026,0.19928,-8.8867,-9.42688,-28.2825
0.666395,9.75638,-40.9664,-0.162561,1.26886,2.52662,-0.34218,0.41537,0.806373,-0.085123,-0.333561,0.268181,0.782568,-3.74984,3.79405
-30.0499,-9.21657,10.3884,0.496871,2.22322,-11.2373,0.944332,-0.00183386,-0.160037,0.027873,0.379742,-0.133813,3.69311,6.84134,-2.34402
57.8315,15.3692,4.89824,-2.59584,5.47324,22.0444,-2.69294,-0.409899,0.177165,0.0406089,-0.15219,-0.678554,0.339591,-10.8843,-1.57339
-38.9959,31.1241,40.2634,-4.40213,-4.04987,-17.1323,3.40823,-0.0123119,0.378787,0.167477,-0.23185,1.61838,3.50368,20.0032,-1.03803
-72.0914,-10.3125,1.12549,2.67792,-12.8523,1.39949,-3.58871,-0.131365,0.473256,-0.0401481,-0.197885,-1.82789,1.80676,6.06715,2.56549
-8.39894,3.98775,1.57242,-0.234222,-9.03555,4.3133,4.16811,-0.416395,-0.451063,0.0508141,0.134354,1.75036,-1.55725,2.11319,-0.267874
4.33688,-5.11609,3.82311,-0.61002,-1.14303,-11.5141,-1.70813,0.117272,0.484528,0.00417198,0.168111,-1.49896,-1.5472,8.4571,-1.50399
56.2021,10.9997,-6.0541,0.827815,-0.706225,14.813,4.06964,-0.637944,-0.259946,0.071056,0.565112,1.41039,-2.40711,-6.20067,1.22719
102.428,11.9772,24.5576,-1.59526,8.62034,-4.5677,-2.99666,-0.553536,0.426108,0.0252471,-0.137465,-0.913908,-2.18841,10.7633,-2.73423
79.5304,-3.88224,-3.89884,-0.235803,14.2023,26.8162,0.0651375,0.438051,-0.346821,-0.0591457,0.081441,0.297685,0.921213,-13.2604,-1.1576
-219.537,19.6922,-15.7657,-1.77226,-1.65201,-31.9947,1.44338,0.184004,-0.638132,0.00915216,-0.0504845,0.539235,-2.64847,21.3105,-2.63425
36.9648,76.6526,2.58267,-4.65402,10.3033,16.1448,-3.17003,-0.674417,-1.05846,-0.121567,-0.159815,-0.402599,-14.2057,-12.5536,-22.9261
-23.5704,-26.3225,2.87748,-11.6072,-4.07214,-3.17687,1.00889,2.5775,4.7585,-1.52603,0.385816,0.219758,6.96355,17.1579,6.27989
-1.28785,-20.8091,34.5528,22.8011,1.75219,-2.50121,-0.63939,3.21095,-2.12209,-0.0311414,-0.159366,-0.00294471,25.3826,7.67397,10.3371
-5.5803,36.8173,-1.07933,-6.32358,-2.81608,7.05256,-0.151205,-1.33902,-2.61619,2.92858,-0.412834,0.0507417,4.36332,6.91347,-2.72154
64.4963,36.0544,0.0802208,-14.4783,0.109117,4.09165,1.67319,2.34093,0.524641,-2.00439,0.417708,-0.382829,-6.6656,0.326191,-6.00013
54.4348,-33.2751,-25.4691,29.8995,9.77912,-9.27429,-1.10633,3.64209,0.00668599,-0.621924,-0.352771,0.378781,37.1287,-2.49812,9.46882
-33.0719,29.0576,10.2825,0.86612,-5.78187,10.2321,0.87133,-4.91062,-1.11067,2.91197,-0.032779,0.233533,7.42479,8.2443,-0.901663
-13.5849,48.7811,20.84,-23.3834,3.73355,-9.61914,0.0153084,1.51562,-1.49342,-0.797001,0.394235,-0.199842,-16.2465,6.07637,-12.9436
-20.351,-6.72671,-18.063,5.44926,-6.34648,5.42811,-1.89072,1.8136,1.43102,-2.33622,-0.248901,0.0289073,13.8303,10.7923,1.31642
9.43846,-45.7319,-28.5936,10.9619,1.23745,-2.46767,0.109264,-3.45267,0.194629,1.32907,0.0987796,-0.458121,33.1981,-6.23215,8.81776
15.1348,39.9407,8.5448,-6.81315,0.237013,2.08239,-0.423982,-1.88837,-1.51629,2.07364,-0.137769,0.472945,-5.73265,-8.57923,-10.1928
-23.8837,11.0862,27.2017,-13.2367,-4.67386,-2.4515,1.2645,2.55802,0.855785,-1.71527,0.55235,-0.299988,-9.79219,9.76911,-17.5834
-1.24029,18.1179,6.44457,14.9012,0.201098,6.11779,-3.59036,3.76012,-0.270218,-1.58616,-0.684454,0.146464,21.3147,-1.45037,0.333509
-22.5903,-8.12306,-21.0338,9.24456,-3.9709,0.950409,0.247756,-4.38205,-1.35569,1.79272,0.0148836,-0.490424,19.7312,-1.88531,1.087
36.6502,63.9042,-4.9428,-19.8941,6.26005,-4.25816,1.85646,-1.05157,-0.825442,0.889203,0.214853,0.520202,-19.7151,-10.6026,-7.88448
-10.2952,8.82401,-5.01293,-10.2755,-4.37292,2.78032,-0.516488,2.6162,1.83525,-2.03595,0.0146827,-0.381892,-0.859216,6.05085,-2.95568
8.22642,-65.4271,-21.9306,18.2636,4.24733,-5.16337,0.268716,2.05337,0.107826,-0.438332,-0.0919887,0.324872,33.9169,-10.3367,6.22085
-12.5058,-2.66847,-4.56307,10.0291,-0.86486,3.04711,-0.489539,-3.31169,-1.07322,2.04103,-0.0744707,-0.502252,11.2146,-6.45885,-1.91419
-12.3363,-8.08731,-4.98116,-11.1991,-3.93438,-3.34608,0.877312,0.527398,-1.61296,-0.382878,0.0524438,0.245207,-9.39295,-7.54224,-11.9869
42.2056,-4.1547,-13.9917,3.16142,18.3228,0.689631,1.07237,1.11124,0.881871,-0.545536,1.40784,0.0519219,-0.632604,-5.82098,-9.50384
-23.1405,-12.915,10.4137,0.668527,-18.7231,1.63442,-1.33948,-1.02519,0.111593,0.0449,1.16203,8.65E-05,8.1363,13.0244,-8.79782
-25.2868,-9.31417,-30.4705,2.23837,-12.6293,-0.943716,0.0738816,0.00506576,-0.131874,-0.0516258,-2.02183,0.0469939,4.17689,15.85,-0.519011
-66.9536,4.35799,6.11969,-0.703273,3.21254,-2.0602,-4.37396,-0.667708,1.13651,-0.0320978,-1.8376,-0.147573,3.33903,-5.90429,-7.28463
8.30844,-0.443861,1.35876,0.191819,12.727,6.06614,6.16307,0.383476,-0.107262,0.0016149,2.61101,-0.0302927,0.763413,-10.7724,-2.74868
-53.0475,-1.31291,-7.10928,0.9538,-21.2592,0.969119,-1.98797,-0.505355,-0.293049,0.050758,0.966064,-0.259014,2.16563,25.4817,-2.12939
-28.8716,-8.75652,-5.06099,0.566166,-12.137,-5.1786,-1.09999,-0.568132,-0.489343,0.0858587,-2.21614,-0.153927,7.22624,19.1092,-5.75829
96.6697,3.29255,-17.7757,1.89625,33.5529,-4.32664,-4.3515,-1.1455,0.593339,0.0846364,-0.888548,0.0948809,4.46937,-33.4704,-5.36124
-11.8763,-5.2561,10.0824,0.0855726,-0.813366,1.89774,4.52945,1.08776,-0.328522,-0.00110732,2.55401,0.221366,4.24901,4.74337,-8.75229
-29.0783,-5.79799,-3.53073,-1.18269,-18.2864,4.17629,-1.85294,0.0770686,-0.754359,-0.0538301,0.00531622,0.0671335,9.64679,25.221,-5.40281
-53.7072,-9.9706,6.91132,-2.58328,-9.41554,-4.04933,-1.53196,-0.983584,0.353856,0.0163871,-2.59086,-0.285853,4.5505,16.9019,-5.71507
77.4948,51.697,-8.28177,-1.06295,22.7896,-10.6627,-1.25222,-0.214428,-0.652462,0.090463,-0.291206,0.196628,5.06507,-47.0307,-11.7435
12.2436,-21.6549,38.5489,-3.58477,1.05152,4.6729,3.67479,0.659824,2.33775,-0.253278,1.12851,-0.143434,6.91312,-20.6086,-15.8455
-92.1813,11.9706,-81.6956,11.9221,-4.74622,-7.25404,2.4599,-0.644511,-0.973174,-0.048042,0.284707,0.0990628,3.28614,32.5388,10.0619
162.849,58.3076,219.198,1.2432,20.469,-0.446582,1.40976,0.240751,2.12559,0.234692,0.564711,0.129725,2.93067,2.08876,-46.3355
18.4503,-101.344,-272.167,11.7486,5.90156,-0.740745,-2.22889,-2.62729,-5.76027,0.457627,0.104609,-0.178246,4.43968,13.2636,36.2946
-148.467,-35.394,-34.5704,-0.57595,-23.695,-7.34462,0.956347,4.69253,11.0015,-0.663339,0.404475,-0.161344,5.41076,10.4615,2.90932
-15.993,-7.03641,229.221,-10.0194,2.2202,-1.18058,1.43464,5.88518,10.0821,-0.620277,0.590129,-0.0504294,6.52339,6.05908,-4.27138
76.6516,-68.6137,116.337,8.92601,2.08843,-0.172256,-4.02671,2.9776,-10.7179,0.0826045,-0.856592,-0.207405,30.7609,-7.44814,-30.818
-23.949,-65.3755,-360.972,21.8167,1.85864,-0.145822,4.27477,-0.93988,-6.24677,0.3795,0.930541,0.142175,4.33013,-0.70731,23.7855
8.03546,-82.1599,15.8581,-9.49522,-12.9014,2.59524,3.85883,0.957459,6.32149,0.804639,0.409732,0.424373,-10.3052,12.8573,-62.1878
161.345,117.262,-241.161,-2.92453,16.205,6.96479,-3.78265,1.48798,-0.502101,0.326103,-1.01344,-0.07762,-27.7817,-28.5031,1.07941
-42.9156,28.057,-25.7837,-11.9001,-31.2976,1.52582,6.05642,-5.04867,12.6373,-0.775971,0.932872,0.312432,-8.76163,-2.60048,5.10908
71.3307,-104.21,250.925,-8.79607,-7.21109,9.22832,3.15237,-1.87495,11.4407,-0.579491,0.992728,0.0826548,4.18336,-2.75383,-15.5687
123.992,-93.6639,254.381,14.2881,30.594,1.13511,-8.56418,1.64167,3.98012,-1.978,-1.10176,0.112031,24.6129,-33.9188,-14.6013
-15.2351,-29.2524,-162.081,17.1447,-14.4158,-2.75918,4.7229,-5.49178,-16.253,0.97181,1.349,-0.225498,31.2443,-7.94273,14.1243
21.8212,-58.3514,-227.79,30.8911,4.96458,8.19967,-0.317886,-2.94461,2.84809,0.927312,0.317963,-0.0168872,11.1273,-12.9629,11.6378
37.7939,-53.5389,86.3057,-12.7775,-6.84503,5.74448,3.12234,-1.67538,7.30415,1.28023,-0.363087,0.391176,-6.45096,1.32484,-48.5478
164.954,13.8902,-70.3028,-0.745297,26.0958,-6.16782,-3.98175,4.2468,1.29858,-1.37604,-0.921546,0.0423812,-1.21397,-51.26,-6.58396
-117.64,-48.6636,68.0589,0.546862,-14.5478,6.6507,3.19532,-6.01157,8.96474,-0.729176,1.62429,0.0288899,25.4771,-13.0862,11.9975
31.5757,-20.9903,30.0463,-2.06732,-20.0316,-2.53583,1.83641,-1.37552,-14.8953,0.799239,-0.0706401,0.338374,4.20682,9.38086,-20.2614
56.5649,53.9618,-47.4338,1.44555,-14.9296,8.35802,-2.19921,3.08456,11.317,-1.5338,-0.512215,0.0129562,9.83423,-1.65008,15.3712
-5.39036,-24.6673,-79.6206,11.9486,14.7589,2.71321,-2.45961,-0.203135,4.0293,-0.254207,-0.242268,-0.218971,24.6942,-23.1413,67.9436
-74.1412,9.6126,220.192,-4.37672,0.862621,-4.98737,2.01803,-2.86366,-8.85748,1.48496,-0.0996829,-0.141229,10.6638,-0.152882,-32.3547
-21.0213,79.9126,-150.214,-6.61287,-3.20526,-3.36538,-1.19663,0.674317,-2.5978,1.25581,-1.06898,0.555977,-10.3545,-19.1846,5.61682
188.496,-20.149,99.58,4.69177,19.0324,2.16375,3.59764,-6.93153,10.3217,0.37872,0.790272,-0.270982,8.60157,-54.8905,-22.8613
22.9198,34.4279,-53.6089,12.0289,-17.3338,-2.4494,3.56687,-5.99533,-13.6434,-0.0721491,1.45763,0.18638,-9.46388,9.87607,31.1308
-67.5689,-64.3522,13.4306,9.67671,-18.1805,9.76725,-12.626,1.27804,5.98392,-1.61655,-1.81752,-0.234703,25.0978,-10.0223,-15.7632
-3.04499,45.5065,19.5038,-9.71052,11.4618,7.65647,7.96915,-6.49859,6.36282,-0.768897,0.923862,-0.11079,0.847982,-43.3356,54.5488
-62.5541,34.7197,8.10507,12.6836,-20.4954,3.1434,-6.59834,-1.31885,-10.1952,0.851431,-0.0574241,-0.627294,24.0548,-8.41011,5.07549
3.71546,117.642,50.4925,-28.0236,-4.51197,-10.2067,4.33328,-4.88038,7.79357,-0.165119,0.543974,0.0698773,-41.9398,7.37514,11.8068
-106.635,-74.6923,70.3505,-8.30569,-22.6783,3.89492,-6.64358,0.367996,-12.1631,0.60301,-0.764565,-0.0204963,8.48876,2.33357,-27.3929
70.534,56.595,102.441,-20.2745,7.93009,3.28129,10.5746,-4.12189,7.79249,0.479283,0.69472,-0.174779,-15.4202,-38.1288,-17.513
1.02773,-32.3494,-96.8944,9.11546,5.40955,-2.33381,-0.835939,1.74865,-5.75914,0.182619,0.175076,-0.221965,14.8168,5.05889,38.6216
9.65822,-25.7582,31.3894,-7.05193,2.69684,2.2193,-0.391175,-2.31105,-0.851683,0.467343,-0.228607,0.153799,1.62397,10.1699,-11.7399
11.3795,33.6066,-67.3563,-1.78597,-4.6736,4.50889,2.19171,5.01765,3.49791,-1.57337,-0.0628647,0.242134,0.871904,17.4971,23.8353
4.71839,-23.8032,-13.3234,8.25243,0.460639,-2.98969,-0.525784,0.099073,-2.77465,0.0193032,-0.234377,0.070051,30.3583,6.70721,21.6131
-21.8627,0.676909,4.80243,-1.68984,-0.196441,0.489612,-1.34399,-2.11745,-0.355929,0.735724,-0.328713,-0.330981,6.13848,3.86492,4.3815
-6.04377,3.26174,5.68064,-4.71305,1.74852,-1.99372,0.904499,0.822386,-0.315571,0.131563,0.383141,0.2314,-1.87013,2.87509,1.81265
4.6857,-2.00642,7.87931,0.677095,-1.11144,0.483051,0.0361093,0.349328,-0.00136827,0.00255152,0.37435,0.194348,6.01241,4.62062,-2.52829
-10.0682,9.99063,1.56561,-0.376823,-4.73246,-0.935272,-0.464781,-0.327213,0.155426,0.0137197,-0.193514,0.0737042,4.20715,7.22321,0.962102
11.1869,8.4773,13.9744,-1.21625,0.194158,1.07176,-1.23896,-0.0252164,0.300411,0.00546607,-0.532885,-0.0573374,3.50403,-5.75622,1.78303
8.53773,-1.20412,-3.51433,-0.00386919,4.30859,0.230609,0.36142,-0.0428585,-0.310908,0.0368004,0.143021,-0.0502879,3.95492,-9.53958,2.99573
-1.86855,5.79985,10.8831,0.0567355,-1.39382,-0.978449,0.513888,0.203322,0.76321,-0.0320504,0.431068,0.033578,2.97049,0.223321,7.89649
-6.74055,-3.57656,2.18951,-0.34387,-0.853813,1.17227,0.249656,0.915417,2.90153,-0.320222,0.056168,0.0222497,14.0471,-0.707809,39.6433
-8.90316,-3.14449,-15.3612,-0.15245,0.391623,-0.480945,0.219276,-0.135921,0.114989,-0.307174,0.0250284,0.0608318,24.3761,-0.67047,56.5744
4.19358,4.06341,2.59393,-0.344272,-0.428562,-0.542273,0.949105,1.58569,0.114623,-0.490961,-0.0641563,0.107113,36.567,-4.49366,56.6211
-8.87172,-13.2111,-18.3904,4.05225,0.842271,-2.20086,0.902779,0.193766,-2.30184,-0.298217,0.251869,-0.0089439,54.1313,-6.83935,44.0356
7.8555,11.36,-15.6986,3.81971,-2.19487,-0.208644,-0.307772,-1.13083,-3.67114,0.738786,0.0188928,-0.382363,45.3768,-4.15216,8.86009
20.6398,-9.97995,3.39432,1.2929,-1.32723,3.04215,1.04224,-1.32907,-3.77741,1.17453,-0.393146,-0.115553,33.3297,-10.3604,-35.2285
-8.91006,-8.07155,10.1396,-2.87835,-1.69755,1.80043,1.78698,-2.36222,-1.62126,1.15962,-0.588635,0.362032,3.08519,-14.687,-59.2051
39.0345,-16.4852,10.4581,-2.42069,6.84357,1.08262,-0.0564646,-0.976177,3.10453,0.695339,-0.166446,0.536392,-9.18579,-29.1971,-46.1032
-13.9321,39.6083,-28.6178,-8.15459,-1.31854,-5.55789,2.75163,-2.36834,5.82418,-0.336239,0.672145,-0.0533174,-41.7725,-9.53691,24.789
-10.4705,11.251,9.50844,-2.16714,-5.16889,-0.182879,1.64398,1.64098,2.80939,-1.29383,-0.0994925,-0.478421,-23.1467,-0.230063,64.6174
-7.50782,0.101422,-25.875,2.32456,1.73275,3.56481,3.06133,2.58692,0.0121041,-1.47373,-0.674758,0.0492788,9.58076,-18.7243,79.7369
-26.8825,6.61889,-39.4964,4.73893,3.12741,0.677529,0.857258,3.62781,-4.795,-0.878595,0.0622386,0.402545,48.4456,-39.8973,31.8521
37.8062,-14.9309,38.7223,3.15706,4.05127,-6.78093,1.78151,-0.486814,-1.92016,0.10425,0.514165,-0.120496,85.8184,-44.4063,-48.3936
-49.137,7.19685,-9.2118,0.266318,-3.44871,1.05132,-1.84468,-1.97113,-0.748147,0.629495,0.397092,-0.518182,59.4817,-45.493,-40.593
65.2321,16.6549,24.5945,-2.01562,-2.86471,0.484665,-1.57345,-0.896908,-1.89749,0.600954,-0.00403629,-0.329924,145.933,-68.1042,-142.784
1.54369,8.19716,-1.03986,-1.4385,0.784511,1.78016,7.70794,-0.0636406,0.0843315,0.414776,-0.150594,-0.123473,3.92807,-50.3456,-11.7815
-5.62136,2.2173,5.03641,1.80387,1.58418,2.02909,4.87225,-0.460594,0.696536,0.544077,0.0747862,0.204525,-3.55597,20.0322,-9.00987
-15.1479,-18.5454,23.3056,0.372672,-2.96932,-1.14006,3.17104,-2.90811,0.285741,0.641222,-0.0261199,0.434428,-44.1295,54.1352,-40.4536
-12.4131,20.4816,12.3087,-2.11795,-1.2598,-1.34985,-3.76314,-2.57942,1.11742,0.533713,-0.637743,-0.16363,-62.1038,22.819,-52.0432
-19.1632,10.6181,63.4718,-3.44997,4.56654,1.24856,-1.12868,3.25332,5.21584,-0.0858841,0.0879301,-0.312886,-30.4353,3.24493,-20.5163
24.1192,-8.82878,-28.8643,-2.4427,1.36527,-1.34454,-0.0914303,0.779814,4.83234,-0.521945,0.151021,-0.109574,-8.72817,-12.2044,45.3993
12.5496,8.63333,3.92627,-1.882,-2.16312,2.89343,2.84796,1.03508,2.59298,-1.31891,-0.108079,-0.059607,12.4134,-8.65944,74.6675
-17.1927,-22.5812,-44.6693,3.23585,3.33138,0.17781,2.3436,-0.553151,-2.51049,-1.06788,0.0865869,0.182866,47.4883,-14.0837,79.4072
20.1858,-0.0454778,14.4624,5.25613,1.68589,-0.711057,0.566426,-1.06258,-5.42535,-0.163349,0.323488,0.0474164,52.4719,2.48983,21.9437
30.4607,-9.30867,13.5348,4.22669,-2.13489,2.02757,2.58055,-3.43814,-3.11927,0.986554,0.16139,-0.262264,29.0724,6.46865,-28.5146
-9.52368,8.73103,12.3174,-0.142634,-0.36152,0.611959,0.318741,-3.28198,0.357781,1.25378,-0.392971,0.0922396,-20.6417,-1.78137,-50.1238
11.4194,-3.63242,24.4474,-7.12043,5.13437,0.0302432,2.22424,-2.06877,5.4599,0.710793,0.214721,0.46117,-48.692,-11.2264,-11.2573
35.7306,19.6172,-36.5446,-6.58957,-2.43002,-2.08312,5.16551,2.14271,4.05295,-0.830847,0.288387,0.131695,-35.4161,10.2188,57.3239
-20.7893,-6.54086,-34.0109,4.6897,-0.0677604,-1.30946,3.71415,-1.17978,-4.24532,-0.825944,0.494655,0.270189,24.5921,27.0438,63.2476
-37.7937,6.39327,17.8271,1.46834,-6.17241,-4.97613,-3.84099,-0.0734611,-3.02312,-0.310825,0.0637363,-0.723403,24.756,30.096,20.3921
13.4077,9.94853,0.776055,2.84356,-0.98405,5.7759,-5.67872,-0.113432,-1.50251,0.184886,-0.946421,0.0976814,16.9553,-39.091,-4.26567
61.5149,-23.667,18.2089,2.16208,6.47414,-3.22135,1.71006,-1.22863,0.0993967,0.822217,-0.389384,0.345125,12.5536,-67.5486,-11.3421
-20.6735,8.14668,-20.3305,-5.01231,1.99985,3.02019,5.42602,-2.52985,-0.544454,0.367865,1.03514,0.111664,-16.6027,-7.0779,14.859
-41.4144,-3.71965,-4.85494,-0.145083,-3.03639,-4.63316,3.5639,-0.329237,-0.428424,-0.105618,0.676655,0.309331,-15.4294,54.1175,9.53845
